model,dataset,modality,train_mode,epochs,lr,weight_decay,batch_size,metric_name,test_metric,trainable_params,saved_checkpoint
panopticon,benv2,s2,lp,5,0.0003,0.0,32,mAP,55.8096,14611,checkpoints/rsfm_benv2_s2_lp_20260412_003139.pt
olmoearth,benv2,s2,lp,5,0.0003,0.0,32,mAP,55.9917,14611,checkpoints/rsfm_benv2_s2_lp_20260412_004332.pt
olmoearth,benv2,s2,lp,16,0.0003,0.0,32,mAP,58.694,14611,checkpoints/rsfm_benv2_s2_lp_20260412_020055.pt
olmoearth,dfc2020,s2,lp,16,0.001,0.0,32,mIoU,50.1864,6152,checkpoints/rsfm_dfc2020_s2_lp_20260412_025713.pt
olmoearth,eurosat,s2,lp,16,0.001,0.0,32,Acc,94.9259,7690,checkpoints/rsfm_eurosat_s2_lp_20260412_025832.pt
olmoearth,dfc2020,s2,lp,16,0.0005,0.0,32,mIoU,49.3833,6152,checkpoints/rsfm_dfc2020_s2_lp_20260412_030240.pt
olmoearth,eurosat,s2,lp,16,0.0005,0.0,32,Acc,94.1667,7690,checkpoints/rsfm_eurosat_s2_lp_20260412_030705.pt
olmoearth,dfc2020,s2,lp,16,0.0001,0.0,32,mIoU,47.4712,6152,checkpoints/rsfm_dfc2020_s2_lp_20260412_030803.pt
olmoearth,benv2,s2,lp,16,0.001,0.0,32,mAP,60.2212,14611,checkpoints/rsfm_benv2_s2_lp_20260412_031018.pt
olmoearth,dfc2020,s1,lp,16,0.001,0.0,32,mIoU,43.858,6152,checkpoints/rsfm_dfc2020_s1_lp_20260412_031328.pt
olmoearth,eurosat,s2,lp,16,0.0001,0.0,32,Acc,91.2037,7690,checkpoints/rsfm_eurosat_s2_lp_20260412_031545.pt
olmoearth,dfc2020,s1,lp,16,0.0005,0.0,32,mIoU,44.0263,6152,checkpoints/rsfm_dfc2020_s1_lp_20260412_031849.pt
olmoearth,dfc2020,s1,lp,16,0.0001,0.0,32,mIoU,42.6265,6152,checkpoints/rsfm_dfc2020_s1_lp_20260412_032409.pt
olmoearth,eurosat,rgb,lp,16,0.001,0.0,32,Acc,86.1111,7690,checkpoints/rsfm_eurosat_rgb_lp_20260412_032428.pt
olmoearth,benv2,s2,lp,16,0.0005,0.0,32,mAP,59.4421,14611,checkpoints/rsfm_benv2_s2_lp_20260412_032715.pt
olmoearth,dfc2020,s2s1,lp,16,0.001,0.0,32,mIoU,53.5409,6152,checkpoints/rsfm_dfc2020_s2s1_lp_20260412_032930.pt
olmoearth,eurosat,rgb,lp,16,0.0005,0.0,32,Acc,84.4259,7690,checkpoints/rsfm_eurosat_rgb_lp_20260412_033310.pt
olmoearth,dfc2020,s2s1,lp,16,0.0005,0.0,32,mIoU,53.0699,6152,checkpoints/rsfm_dfc2020_s2s1_lp_20260412_033453.pt
olmoearth,dfc2020,s2s1,lp,16,0.0001,0.0,32,mIoU,51.0185,6152,checkpoints/rsfm_dfc2020_s2s1_lp_20260412_034017.pt
olmoearth,eurosat,rgb,lp,16,0.0001,0.0,32,Acc,81.1296,7690,checkpoints/rsfm_eurosat_rgb_lp_20260412_034148.pt
olmoearth,benv2,s2,lp,16,0.0001,0.0,32,mAP,56.1242,14611,checkpoints/rsfm_benv2_s2_lp_20260412_034415.pt
olmoearth,dfc2020,s2_rgb,lp,16,0.001,0.0,32,mIoU,32.9373,6152,checkpoints/rsfm_dfc2020_s2_rgb_lp_20260412_034541.pt
olmoearth,eurosat,vre,lp,16,0.001,0.0,32,Acc,79.6667,7690,checkpoints/rsfm_eurosat_vre_lp_20260412_035028.pt
olmoearth,dfc2020,s2_rgb,lp,16,0.0005,0.0,32,mIoU,32.8427,6152,checkpoints/rsfm_dfc2020_s2_rgb_lp_20260412_035101.pt
olmoearth,dfc2020,s2_rgb,lp,16,0.0001,0.0,32,mIoU,32.3466,6152,checkpoints/rsfm_dfc2020_s2_rgb_lp_20260412_035621.pt
olmoearth,eurosat,vre,lp,16,0.0005,0.0,32,Acc,77.1852,7690,checkpoints/rsfm_eurosat_vre_lp_20260412_035903.pt
olmoearth,benv2,s1,lp,16,0.001,0.0,32,mAP,48.3437,14611,checkpoints/rsfm_benv2_s1_lp_20260412_040113.pt
olmoearth,dfc2020,s2,fft,16,0.001,0.0,32,mIoU,50.1709,88962056,checkpoints/rsfm_dfc2020_s2_fft_20260412_040720.pt
olmoearth,eurosat,vre,lp,16,0.0001,0.0,32,Acc,73.6111,7690,checkpoints/rsfm_eurosat_vre_lp_20260412_040738.pt
olmoearth,eurosat,nir,lp,16,0.001,0.0,32,Acc,67.7963,7690,checkpoints/rsfm_eurosat_nir_lp_20260412_041617.pt
olmoearth,dfc2020,s2,fft,16,0.0005,0.0,32,mIoU,51.7791,88962056,checkpoints/rsfm_dfc2020_s2_fft_20260412_041824.pt
olmoearth,benv2,s1,lp,16,0.0005,0.0,32,mAP,46.3709,14611,checkpoints/rsfm_benv2_s1_lp_20260412_041814.pt
olmoearth,eurosat,nir,lp,16,0.0005,0.0,32,Acc,65.963,7690,checkpoints/rsfm_eurosat_nir_lp_20260412_042452.pt
olmoearth,dfc2020,s2,fft,16,0.0001,0.0,32,mIoU,51.9376,88962056,checkpoints/rsfm_dfc2020_s2_fft_20260412_042929.pt
olmoearth,eurosat,nir,lp,16,0.0001,0.0,32,Acc,62.1296,7690,checkpoints/rsfm_eurosat_nir_lp_20260412_043331.pt
olmoearth,benv2,s1,lp,16,0.0001,0.0,32,mAP,44.0796,14611,checkpoints/rsfm_benv2_s1_lp_20260412_043513.pt
olmoearth,dfc2020,s1,fft,16,0.001,0.0,32,mIoU,34.7483,88962056,checkpoints/rsfm_dfc2020_s1_fft_20260412_044110.pt
olmoearth,eurosat,swir,lp,16,0.001,0.0,32,Acc,63.7407,7690,checkpoints/rsfm_eurosat_swir_lp_20260412_044210.pt
olmoearth,eurosat,swir,lp,16,0.0005,0.0,32,Acc,62.7963,7690,checkpoints/rsfm_eurosat_swir_lp_20260412_045049.pt
olmoearth,benv2,s2s1,lp,16,0.001,0.0,32,mAP,60.9877,14611,checkpoints/rsfm_benv2_s2s1_lp_20260412_045212.pt
olmoearth,dfc2020,s1,fft,16,0.0005,0.0,32,mIoU,40.8771,88962056,checkpoints/rsfm_dfc2020_s1_fft_20260412_045259.pt
olmoearth,eurosat,swir,lp,16,0.0001,0.0,32,Acc,57.4444,7690,checkpoints/rsfm_eurosat_swir_lp_20260412_045927.pt
olmoearth,dfc2020,s1,fft,16,0.0001,0.0,32,mIoU,49.5403,88962056,checkpoints/rsfm_dfc2020_s1_fft_20260412_050450.pt
olmoearth,benv2,s2s1,lp,16,0.0005,0.0,32,mAP,60.0332,14611,checkpoints/rsfm_benv2_s2s1_lp_20260412_050914.pt
olmoearth,dfc2020,s2s1,fft,16,0.001,0.0,32,mIoU,48.2173,88962056,checkpoints/rsfm_dfc2020_s2s1_fft_20260412_051637.pt
olmoearth,eurosat,s2,fft,16,0.001,0.0,32,Acc,85.7222,88963594,checkpoints/rsfm_eurosat_s2_fft_20260412_051954.pt
olmoearth,benv2,s2s1,lp,16,0.0001,0.0,32,mAP,56.775,14611,checkpoints/rsfm_benv2_s2s1_lp_20260412_052615.pt
olmoearth,dfc2020,s2s1,fft,16,0.0005,0.0,32,mIoU,47.734,88962056,checkpoints/rsfm_dfc2020_s2s1_fft_20260412_052826.pt
olmoearth,eurosat,s2,fft,16,0.0005,0.0,32,Acc,96.463,88963594,checkpoints/rsfm_eurosat_s2_fft_20260412_054020.pt
olmoearth,dfc2020,s2s1,fft,16,0.0001,0.0,32,mIoU,55.3224,88962056,checkpoints/rsfm_dfc2020_s2s1_fft_20260412_054021.pt
olmoearth,benv2,s2_rgb,lp,16,0.001,0.0,32,mAP,50.5301,14611,checkpoints/rsfm_benv2_s2_rgb_lp_20260412_054312.pt
olmoearth,dfc2020,s2_rgb,fft,16,0.001,0.0,32,mIoU,29.1322,88962056,checkpoints/rsfm_dfc2020_s2_rgb_fft_20260412_055139.pt
olmoearth,benv2,s2_rgb,lp,16,0.0005,0.0,32,mAP,49.6319,14611,checkpoints/rsfm_benv2_s2_rgb_lp_20260412_060004.pt
olmoearth,eurosat,s2,fft,16,0.0001,0.0,32,Acc,98.1111,88963594,checkpoints/rsfm_eurosat_s2_fft_20260412_060049.pt
olmoearth,dfc2020,s2_rgb,fft,16,0.0005,0.0,32,mIoU,38.6727,88962056,checkpoints/rsfm_dfc2020_s2_rgb_fft_20260412_060250.pt
olmoearth,dfc2020,s2_rgb,fft,16,0.0001,0.0,32,mIoU,49.6599,88962056,checkpoints/rsfm_dfc2020_s2_rgb_fft_20260412_061350.pt
olmoearth,benv2,s2_rgb,lp,16,0.0001,0.0,32,mAP,45.9795,14611,checkpoints/rsfm_benv2_s2_rgb_lp_20260412_061659.pt
panopticon,dfc2020,s2,lp,16,0.001,0.0,32,mIoU,49.08,6152,checkpoints/rsfm_dfc2020_s2_lp_20260412_061943.pt
olmoearth,eurosat,rgb,fft,16,0.001,0.0,32,Acc,80.7037,88963594,checkpoints/rsfm_eurosat_rgb_fft_20260412_062118.pt
panopticon,dfc2020,s2,lp,16,0.0005,0.0,32,mIoU,48.6619,6152,checkpoints/rsfm_dfc2020_s2_lp_20260412_062534.pt
panopticon,dfc2020,s2,lp,16,0.0001,0.0,32,mIoU,48.2322,6152,checkpoints/rsfm_dfc2020_s2_lp_20260412_063125.pt
olmoearth,benv2,s2,fft,16,0.001,0.0,32,mAP,51.9212,88970515,checkpoints/rsfm_benv2_s2_fft_20260412_063403.pt
panopticon,dfc2020,s1,lp,16,0.001,0.0,32,mIoU,44.2111,6152,checkpoints/rsfm_dfc2020_s1_lp_20260412_063713.pt
olmoearth,eurosat,rgb,fft,16,0.0005,0.0,32,Acc,94.6852,88963594,checkpoints/rsfm_eurosat_rgb_fft_20260412_064142.pt
panopticon,dfc2020,s1,lp,16,0.0005,0.0,32,mIoU,45.1745,6152,checkpoints/rsfm_dfc2020_s1_lp_20260412_064301.pt
panopticon,dfc2020,s1,lp,16,0.0001,0.0,32,mIoU,44.5991,6152,checkpoints/rsfm_dfc2020_s1_lp_20260412_064849.pt
olmoearth,benv2,s2,fft,16,0.0005,0.0,32,mAP,60.6542,88970515,checkpoints/rsfm_benv2_s2_fft_20260412_065106.pt
panopticon,dfc2020,s2s1,lp,16,0.001,0.0,32,mIoU,49.2932,6152,checkpoints/rsfm_dfc2020_s2s1_lp_20260412_065435.pt
panopticon,dfc2020,s2s1,lp,16,0.0005,0.0,32,mIoU,49.0812,6152,checkpoints/rsfm_dfc2020_s2s1_lp_20260412_070024.pt
olmoearth,eurosat,rgb,fft,16,0.0001,0.0,32,Acc,97.3889,88963594,checkpoints/rsfm_eurosat_rgb_fft_20260412_070210.pt
panopticon,dfc2020,s2s1,lp,16,0.0001,0.0,32,mIoU,48.7282,6152,checkpoints/rsfm_dfc2020_s2s1_lp_20260412_070612.pt
olmoearth,benv2,s2,fft,16,0.0001,0.0,32,mAP,63.9851,88970515,checkpoints/rsfm_benv2_s2_fft_20260412_070807.pt
panopticon,dfc2020,s2_rgb,lp,16,0.001,0.0,32,mIoU,43.0766,6152,checkpoints/rsfm_dfc2020_s2_rgb_lp_20260412_071159.pt
panopticon,dfc2020,s2_rgb,lp,16,0.0005,0.0,32,mIoU,40.916,6152,checkpoints/rsfm_dfc2020_s2_rgb_lp_20260412_071744.pt
olmoearth,eurosat,vre,fft,16,0.001,0.0,32,Acc,83.6852,88963594,checkpoints/rsfm_eurosat_vre_fft_20260412_072237.pt
panopticon,dfc2020,s2_rgb,lp,16,0.0001,0.0,32,mIoU,40.7144,6152,checkpoints/rsfm_dfc2020_s2_rgb_lp_20260412_072336.pt
olmoearth,benv2,s1,fft,16,0.001,0.0,32,mAP,42.2364,88970515,checkpoints/rsfm_benv2_s1_fft_20260412_072518.pt
panopticon,dfc2020,s2,fft,16,0.001,0.0,32,mIoU,32.7696,98982152,checkpoints/rsfm_dfc2020_s2_fft_20260412_073551.pt
olmoearth,eurosat,vre,fft,16,0.0005,0.0,32,Acc,87.2037,88963594,checkpoints/rsfm_eurosat_vre_fft_20260412_074304.pt
olmoearth,benv2,s1,fft,16,0.0005,0.0,32,mAP,46.5673,88970515,checkpoints/rsfm_benv2_s1_fft_20260412_074231.pt
panopticon,dfc2020,s2,fft,16,0.0005,0.0,32,mIoU,35.1391,98982152,checkpoints/rsfm_dfc2020_s2_fft_20260412_074804.pt
panopticon,dfc2020,s2,fft,16,0.0001,0.0,32,mIoU,48.641,98982152,checkpoints/rsfm_dfc2020_s2_fft_20260412_080023.pt
olmoearth,benv2,s1,fft,16,0.0001,0.0,32,mAP,50.2227,88970515,checkpoints/rsfm_benv2_s1_fft_20260412_075949.pt
olmoearth,eurosat,vre,fft,16,0.0001,0.0,32,Acc,93.9815,88963594,checkpoints/rsfm_eurosat_vre_fft_20260412_080329.pt
panopticon,dfc2020,s1,fft,16,0.001,0.0,32,mIoU,32.1262,98982152,checkpoints/rsfm_dfc2020_s1_fft_20260412_081010.pt
olmoearth,benv2,s2s1,fft,16,0.001,0.0,32,mAP,56.6346,88970515,checkpoints/rsfm_benv2_s2s1_fft_20260412_081701.pt
panopticon,dfc2020,s1,fft,16,0.0005,0.0,32,mIoU,32.1103,98982152,checkpoints/rsfm_dfc2020_s1_fft_20260412_082010.pt
olmoearth,eurosat,nir,fft,16,0.001,0.0,32,Acc,59.2963,88963594,checkpoints/rsfm_eurosat_nir_fft_20260412_082358.pt
panopticon,dfc2020,s1,fft,16,0.0001,0.0,32,mIoU,44.0227,98982152,checkpoints/rsfm_dfc2020_s1_fft_20260412_083001.pt
olmoearth,benv2,s2s1,fft,16,0.0005,0.0,32,mAP,62.99,88970515,checkpoints/rsfm_benv2_s2s1_fft_20260412_083413.pt
panopticon,dfc2020,s2s1,fft,16,0.001,0.0,32,mIoU,33.6377,98982152,checkpoints/rsfm_dfc2020_s2s1_fft_20260412_084250.pt
olmoearth,eurosat,nir,fft,16,0.0005,0.0,32,Acc,67.7037,88963594,checkpoints/rsfm_eurosat_nir_fft_20260412_084428.pt
panopticon,dfc2020,s2s1,fft,16,0.0005,0.0,32,mIoU,37.3074,98982152,checkpoints/rsfm_dfc2020_s2s1_fft_20260412_085541.pt
olmoearth,eurosat,nir,fft,16,0.0001,0.0,32,Acc,90.6667,88963594,checkpoints/rsfm_eurosat_nir_fft_20260412_090459.pt
olmoearth,benv2,s2_rgb,fft,16,0.001,0.0,32,mAP,39.0938,88970515,checkpoints/rsfm_benv2_s2_rgb_fft_20260412_090637.pt
panopticon,dfc2020,s2s1,fft,16,0.0001,0.0,32,mIoU,47.8217,98982152,checkpoints/rsfm_dfc2020_s2s1_fft_20260412_090829.pt
panopticon,dfc2020,s2_rgb,fft,16,0.001,0.0,32,mIoU,26.7371,98982152,checkpoints/rsfm_dfc2020_s2_rgb_fft_20260412_091821.pt
olmoearth,benv2,s2_rgb,fft,16,0.0005,0.0,32,mAP,53.9491,88970515,checkpoints/rsfm_benv2_s2_rgb_fft_20260412_092339.pt
olmoearth,eurosat,swir,fft,16,0.001,0.0,32,Acc,59.8333,88963594,checkpoints/rsfm_eurosat_swir_fft_20260412_092528.pt
panopticon,dfc2020,s2_rgb,fft,16,0.0005,0.0,32,mIoU,28.0694,98982152,checkpoints/rsfm_dfc2020_s2_rgb_fft_20260412_092827.pt
panopticon,dfc2020,s2_rgb,fft,16,0.0001,0.0,32,mIoU,42.3793,98982152,checkpoints/rsfm_dfc2020_s2_rgb_fft_20260412_093836.pt
olmoearth,benv2,s2_rgb,fft,16,0.0001,0.0,32,mAP,59.2784,88970515,checkpoints/rsfm_benv2_s2_rgb_fft_20260412_094038.pt
olmoearth,eurosat,swir,fft,16,0.0005,0.0,32,Acc,64.4259,88963594,checkpoints/rsfm_eurosat_swir_fft_20260412_094552.pt
panopticon,benv2,s2,lp,16,0.001,0.0,32,mAP,58.8148,14611,checkpoints/rsfm_benv2_s2_lp_20260412_095842.pt
olmoearth,eurosat,swir,fft,16,0.0001,0.0,32,Acc,81.0185,88963594,checkpoints/rsfm_eurosat_swir_fft_20260412_100620.pt
panopticon,benv2,s2,lp,16,0.0005,0.0,32,mAP,58.2128,14611,checkpoints/rsfm_benv2_s2_lp_20260412_101656.pt
panopticon,eurosat,s2,lp,16,0.001,0.0,32,Acc,96.5556,7690,checkpoints/rsfm_eurosat_s2_lp_20260412_101907.pt
panopticon,eurosat,s2,lp,16,0.0005,0.0,32,Acc,96.537,7690,checkpoints/rsfm_eurosat_s2_lp_20260412_103202.pt
panopticon,benv2,s2,lp,16,0.0001,0.0,32,mAP,56.8861,14611,checkpoints/rsfm_benv2_s2_lp_20260412_103509.pt
panopticon,eurosat,s2,lp,16,0.0001,0.0,32,Acc,95.2778,7690,checkpoints/rsfm_eurosat_s2_lp_20260412_104456.pt
panopticon,eurosat,rgb,lp,16,0.001,0.0,32,Acc,95.8519,7690,checkpoints/rsfm_eurosat_rgb_lp_20260412_105304.pt
panopticon,benv2,s1,lp,16,0.001,0.0,32,mAP,52.4153,14611,checkpoints/rsfm_benv2_s1_lp_20260412_105303.pt
panopticon,eurosat,rgb,lp,16,0.0005,0.0,32,Acc,95.6852,7690,checkpoints/rsfm_eurosat_rgb_lp_20260412_110110.pt
panopticon,eurosat,rgb,lp,16,0.0001,0.0,32,Acc,94.2593,7690,checkpoints/rsfm_eurosat_rgb_lp_20260412_110914.pt
panopticon,eurosat,vre,lp,16,0.001,0.0,32,Acc,94.2593,7690,checkpoints/rsfm_eurosat_vre_lp_20260412_111717.pt
panopticon,benv2,s1,lp,16,0.0001,0.0,32,mAP,50.0758,14611,checkpoints/rsfm_benv2_s1_lp_20260412_112058.pt
panopticon,eurosat,vre,lp,16,0.0005,0.0,32,Acc,94.1111,7690,checkpoints/rsfm_eurosat_vre_lp_20260412_112521.pt
panopticon,eurosat,vre,lp,16,0.0001,0.0,32,Acc,91.3333,7690,checkpoints/rsfm_eurosat_vre_lp_20260412_113328.pt
panopticon,benv2,s2s1,lp,16,0.001,0.0,32,mAP,57.3004,14611,checkpoints/rsfm_benv2_s2s1_lp_20260412_113911.pt
panopticon,eurosat,nir,lp,16,0.001,0.0,32,Acc,93.0185,7690,checkpoints/rsfm_eurosat_nir_lp_20260412_114105.pt
panopticon,eurosat,nir,lp,16,0.0005,0.0,32,Acc,92.8889,7690,checkpoints/rsfm_eurosat_nir_lp_20260412_114841.pt
panopticon,eurosat,rgb,lp,1,0.0001,0.0,32,Acc,72.8704,7690,checkpoints/rsfm_eurosat_rgb_lp_20260412_115558.pt
panopticon,eurosat,nir,lp,16,0.0001,0.0,32,Acc,91.463,7690,checkpoints/rsfm_eurosat_nir_lp_20260412_115616.pt
panopticon,benv2,s2s1,lp,16,0.0005,0.0,32,mAP,57.4942,14611,checkpoints/rsfm_benv2_s2s1_lp_20260412_115710.pt
panopticon,eurosat,swir,lp,16,0.001,0.0,32,Acc,88.8704,7690,checkpoints/rsfm_eurosat_swir_lp_20260412_120419.pt
dinov3-vitb-lvd,eurosat,rgb,lp,1,0.0001,0.0,32,Acc,83.7037,7690,checkpoints/rsfm_eurosat_rgb_lp_20260412_120624.pt
dinov3-vitb-lvd,eurosat,rgb,lp,8,0.0001,0.0,32,Acc,93.5926,7690,checkpoints/rsfm_eurosat_rgb_lp_20260412_121035.pt
panopticon,eurosat,swir,lp,16,0.0005,0.0,32,Acc,88.7222,7690,checkpoints/rsfm_eurosat_swir_lp_20260412_121222.pt
panopticon,benv2,s2s1,lp,16,0.0001,0.0,32,mAP,55.428,14611,checkpoints/rsfm_benv2_s2s1_lp_20260412_121510.pt
dinov3-vitb-lvd,eurosat,rgb,fft,8,0.0001,0.0,32,Acc,93.4259,85668106,checkpoints/rsfm_eurosat_rgb_fft_20260412_121647.pt
panopticon,eurosat,swir,lp,16,0.0001,0.0,32,Acc,86.6481,7690,checkpoints/rsfm_eurosat_swir_lp_20260412_122024.pt
dinov3-vitl-lvd,eurosat,rgb,lp,8,0.0003,0.0,32,Acc,96.6482,10250,checkpoints/rsfm_eurosat_rgb_lp_20260412_122433.pt
dinov3-vitl-sat,eurosat,rgb,lp,8,0.0003,0.0,32,Acc,96.4074,10250,checkpoints/rsfm_eurosat_rgb_lp_20260412_123215.pt
panopticon,benv2,s2_rgb,lp,16,0.001,0.0,32,mAP,54.4329,14611,checkpoints/rsfm_benv2_s2_rgb_lp_20260412_123258.pt
panopticon,eurosat,s2,fft,16,0.001,0.0,32,Acc,71.1111,98983690,checkpoints/rsfm_eurosat_s2_fft_20260412_124650.pt
panopticon,benv2,s2_rgb,lp,16,0.0005,0.0,32,mAP,54.5779,14611,checkpoints/rsfm_benv2_s2_rgb_lp_20260412_125027.pt
dinov3-vitl-sat,eurosat,rgb,fft,12,0.0003,0.0,32,Acc,98.6111,303139850,checkpoints/rsfm_eurosat_rgb_fft_20260412_125355.pt
olmoearth,eurosat,s2,lp,16,0.0005,0.0,32,Acc,93.9259,7690,checkpoints/rsfm_eurosat_s2_lp_20260412_130532.pt
olmoearth,eurosat,s2,lp,16,0.0001,0.0,32,Acc,91.2407,7690,checkpoints/rsfm_eurosat_s2_lp_20260412_131358.pt
olmoearth,eurosat,rgb,lp,16,0.0005,0.0,32,Acc,84.6852,7690,checkpoints/rsfm_eurosat_rgb_lp_20260412_132226.pt
olmoearth,eurosat,rgb,lp,16,0.0001,0.0,32,Acc,80.7407,7690,checkpoints/rsfm_eurosat_rgb_lp_20260412_133052.pt
olmoearth,eurosat,s2,lp,16,0.0005,0.0,32,Acc,93.7593,7690,checkpoints/rsfm_eurosat_s2_lp_20260412_133915.pt
olmoearth,eurosat,vre,lp,16,0.0005,0.0,32,Acc,78.2778,7690,checkpoints/rsfm_eurosat_vre_lp_20260412_133921.pt
olmoearth,dfc2020,s2,lp,16,0.0005,0.0,32,mIoU,49.6784,6152,checkpoints/rsfm_dfc2020_s2_lp_20260412_134139.pt
olmoearth,dfc2020,s2,lp,16,0.0001,0.0,32,mIoU,47.1329,6152,checkpoints/rsfm_dfc2020_s2_lp_20260412_134729.pt
olmoearth,eurosat,vre,lp,16,0.0001,0.0,32,Acc,73.3519,7690,checkpoints/rsfm_eurosat_vre_lp_20260412_134748.pt
olmoearth,eurosat,s2,lp,16,0.0001,0.0,32,Acc,91.3889,7690,checkpoints/rsfm_eurosat_s2_lp_20260412_134754.pt
olmoearth,dfc2020,s1,lp,16,0.0005,0.0,32,mIoU,44.3137,6152,checkpoints/rsfm_dfc2020_s1_lp_20260412_135330.pt
olmoearth,eurosat,nir,lp,16,0.0005,0.0,32,Acc,66.6111,7690,checkpoints/rsfm_eurosat_nir_lp_20260412_135632.pt
olmoearth,eurosat,rgb,lp,16,0.0005,0.0,32,Acc,85.2037,7690,checkpoints/rsfm_eurosat_rgb_lp_20260412_135642.pt
olmoearth,dfc2020,s1,lp,16,0.0001,0.0,32,mIoU,43.0419,6152,checkpoints/rsfm_dfc2020_s1_lp_20260412_135912.pt
olmoearth,benv2,s2,lp,16,0.0005,0.0,32,mAP,58.7619,14611,checkpoints/rsfm_benv2_s2_lp_20260412_140106.pt
olmoearth,dfc2020,s2s1,lp,16,0.0005,0.0,32,mIoU,52.914,6152,checkpoints/rsfm_dfc2020_s2s1_lp_20260412_140503.pt
olmoearth,eurosat,nir,lp,16,0.0001,0.0,32,Acc,61.5741,7690,checkpoints/rsfm_eurosat_nir_lp_20260412_140510.pt
olmoearth,eurosat,rgb,lp,16,0.0001,0.0,32,Acc,80.5185,7690,checkpoints/rsfm_eurosat_rgb_lp_20260412_140529.pt
olmoearth,dfc2020,s2s1,lp,16,0.0001,0.0,32,mIoU,51.2621,6152,checkpoints/rsfm_dfc2020_s2s1_lp_20260412_141042.pt
olmoearth,eurosat,swir,lp,16,0.0005,0.0,32,Acc,62.4815,7690,checkpoints/rsfm_eurosat_swir_lp_20260412_141355.pt
olmoearth,eurosat,vre,lp,16,0.0005,0.0,32,Acc,77.8518,7690,checkpoints/rsfm_eurosat_vre_lp_20260412_141417.pt
olmoearth,dfc2020,s2_rgb,lp,16,0.0005,0.0,32,mIoU,32.1344,6152,checkpoints/rsfm_dfc2020_s2_rgb_lp_20260412_141618.pt
olmoearth,dfc2020,s2,lp,16,0.0005,0.0,32,mIoU,49.6881,6152,checkpoints/rsfm_dfc2020_s2_lp_20260412_141646.pt
olmoearth,benv2,s2,lp,16,0.0001,0.0,32,mAP,56.0464,14611,checkpoints/rsfm_benv2_s2_lp_20260412_141824.pt
olmoearth,eurosat,s2,lp,16,0.0005,0.0,32,Acc,94.3704,7690,checkpoints/rsfm_eurosat_s2_lp_20260412_142003.pt
olmoearth,dfc2020,s2_rgb,lp,16,0.0001,0.0,32,mIoU,33.4122,6152,checkpoints/rsfm_dfc2020_s2_rgb_lp_20260412_142151.pt
olmoearth,dfc2020,s2,lp,16,0.0001,0.0,32,mIoU,46.6829,6152,checkpoints/rsfm_dfc2020_s2_lp_20260412_142208.pt
olmoearth,eurosat,swir,lp,16,0.0001,0.0,32,Acc,57.3148,7690,checkpoints/rsfm_eurosat_swir_lp_20260412_142238.pt
olmoearth,eurosat,vre,lp,16,0.0001,0.0,32,Acc,73.7778,7690,checkpoints/rsfm_eurosat_vre_lp_20260412_142303.pt
olmoearth,dfc2020,s1,lp,16,0.0005,0.0,32,mIoU,44.3451,6152,checkpoints/rsfm_dfc2020_s1_lp_20260412_142733.pt
olmoearth,eurosat,s2,lp,16,0.0001,0.0,32,Acc,91.5741,7690,checkpoints/rsfm_eurosat_s2_lp_20260412_142843.pt
olmoearth,benv2,s2,lp,16,0.0005,0.0,32,mAP,59.1367,14611,checkpoints/rsfm_benv2_s2_lp_20260412_142847.pt
olmoearth,eurosat,nir,lp,16,0.0005,0.0,32,Acc,66.0741,7690,checkpoints/rsfm_eurosat_nir_lp_20260412_143154.pt
olmoearth,dfc2020,s2,fft,16,0.0005,0.0,32,mIoU,51.1997,88962056,checkpoints/rsfm_dfc2020_s2_fft_20260412_143210.pt
olmoearth,dfc2020,s1,lp,16,0.0001,0.0,32,mIoU,42.9664,6152,checkpoints/rsfm_dfc2020_s1_lp_20260412_143246.pt
olmoearth,eurosat,rgb,lp,16,0.0005,0.0,32,Acc,85.0,7690,checkpoints/rsfm_eurosat_rgb_lp_20260412_143726.pt
olmoearth,dfc2020,s2s1,lp,16,0.0005,0.0,32,mIoU,52.4599,6152,checkpoints/rsfm_dfc2020_s2s1_lp_20260412_143808.pt
olmoearth,eurosat,nir,lp,16,0.0001,0.0,32,Acc,60.7963,7690,checkpoints/rsfm_eurosat_nir_lp_20260412_144042.pt
olmoearth,benv2,s1,lp,16,0.0001,0.0,32,mAP,44.3312,14611,checkpoints/rsfm_benv2_s1_lp_20260412_144143.pt
olmoearth,dfc2020,s2,fft,16,0.0001,0.0,32,mIoU,51.5913,88962056,checkpoints/rsfm_dfc2020_s2_fft_20260412_144253.pt
olmoearth,eurosat,s2,fft,16,0.0005,0.0,32,Acc,96.8148,88963594,checkpoints/rsfm_eurosat_s2_fft_20260412_144313.pt
olmoearth,dfc2020,s2s1,lp,16,0.0001,0.0,32,mIoU,51.2637,6152,checkpoints/rsfm_dfc2020_s2s1_lp_20260412_144326.pt
olmoearth,eurosat,rgb,lp,16,0.0001,0.0,32,Acc,80.5185,7690,checkpoints/rsfm_eurosat_rgb_lp_20260412_144606.pt
olmoearth,benv2,s2,lp,16,0.0001,0.0,32,mAP,55.3918,14611,checkpoints/rsfm_benv2_s2_lp_20260412_144525.pt
olmoearth,dfc2020,s2_rgb,lp,16,0.0005,0.0,32,mIoU,32.177,6152,checkpoints/rsfm_dfc2020_s2_rgb_lp_20260412_144842.pt
olmoearth,eurosat,swir,lp,16,0.0005,0.0,32,Acc,63.1481,7690,checkpoints/rsfm_eurosat_swir_lp_20260412_144931.pt
olmoearth,dfc2020,s2_rgb,lp,16,0.0001,0.0,32,mIoU,32.4727,6152,checkpoints/rsfm_dfc2020_s2_rgb_lp_20260412_145417.pt
olmoearth,dfc2020,s1,fft,16,0.0005,0.0,32,mIoU,39.4142,88962056,checkpoints/rsfm_dfc2020_s1_fft_20260412_145436.pt
olmoearth,eurosat,vre,lp,16,0.0005,0.0,32,Acc,77.6296,7690,checkpoints/rsfm_eurosat_vre_lp_20260412_145450.pt
olmoearth,eurosat,swir,lp,16,0.0001,0.0,32,Acc,57.7407,7690,checkpoints/rsfm_eurosat_swir_lp_20260412_145812.pt
olmoearth,benv2,s2s1,lp,16,0.0005,0.0,32,mAP,60.1979,14611,checkpoints/rsfm_benv2_s2s1_lp_20260412_145829.pt
olmoearth,benv2,s1,lp,16,0.0005,0.0,32,mAP,46.4558,14611,checkpoints/rsfm_benv2_s1_lp_20260412_150155.pt
olmoearth,eurosat,vre,lp,16,0.0001,0.0,32,Acc,73.9074,7690,checkpoints/rsfm_eurosat_vre_lp_20260412_150331.pt
olmoearth,eurosat,s2,fft,16,0.0001,0.0,32,Acc,98.2407,88963594,checkpoints/rsfm_eurosat_s2_fft_20260412_150347.pt
olmoearth,dfc2020,s2,fft,16,0.0005,0.0,32,mIoU,48.4037,88962056,checkpoints/rsfm_dfc2020_s2_fft_20260412_150617.pt
olmoearth,dfc2020,s1,fft,16,0.0001,0.0,32,mIoU,47.7232,88962056,checkpoints/rsfm_dfc2020_s1_fft_20260412_150628.pt
olmoearth,eurosat,nir,lp,16,0.0005,0.0,32,Acc,66.4444,7690,checkpoints/rsfm_eurosat_nir_lp_20260412_151214.pt
olmoearth,benv2,s2s1,lp,16,0.0001,0.0,32,mAP,56.3812,14611,checkpoints/rsfm_benv2_s2s1_lp_20260412_151505.pt
olmoearth,dfc2020,s2,fft,16,0.0001,0.0,32,mIoU,51.3535,88962056,checkpoints/rsfm_dfc2020_s2_fft_20260412_151807.pt
olmoearth,dfc2020,s2s1,fft,16,0.0005,0.0,32,mIoU,48.4758,88962056,checkpoints/rsfm_dfc2020_s2s1_fft_20260412_151814.pt
olmoearth,eurosat,s2,fft,16,0.0005,0.0,32,Acc,96.6482,88963594,checkpoints/rsfm_eurosat_s2_fft_20260412_151849.pt
olmoearth,benv2,s1,lp,16,0.0001,0.0,32,mAP,44.7977,14611,checkpoints/rsfm_benv2_s1_lp_20260412_151832.pt
olmoearth,eurosat,nir,lp,16,0.0001,0.0,32,Acc,61.5741,7690,checkpoints/rsfm_eurosat_nir_lp_20260412_152057.pt
olmoearth,eurosat,rgb,fft,16,0.0005,0.0,32,Acc,94.5185,88963594,checkpoints/rsfm_eurosat_rgb_fft_20260412_152424.pt
olmoearth,eurosat,swir,lp,16,0.0005,0.0,32,Acc,63.037,7690,checkpoints/rsfm_eurosat_swir_lp_20260412_152943.pt
olmoearth,dfc2020,s2s1,fft,16,0.0001,0.0,32,mIoU,54.5356,88962056,checkpoints/rsfm_dfc2020_s2s1_fft_20260412_152959.pt
olmoearth,dfc2020,s1,fft,16,0.0005,0.0,32,mIoU,39.4855,88962056,checkpoints/rsfm_dfc2020_s1_fft_20260412_153029.pt
olmoearth,benv2,s2_rgb,lp,16,0.0005,0.0,32,mAP,48.7845,14611,checkpoints/rsfm_benv2_s2_rgb_lp_20260412_153151.pt
olmoearth,benv2,s2s1,lp,16,0.0005,0.0,32,mAP,60.0878,14611,checkpoints/rsfm_benv2_s2s1_lp_20260412_153555.pt
olmoearth,eurosat,swir,lp,16,0.0001,0.0,32,Acc,56.963,7690,checkpoints/rsfm_eurosat_swir_lp_20260412_153823.pt
olmoearth,eurosat,s2,fft,16,0.0001,0.0,32,Acc,98.1852,88963594,checkpoints/rsfm_eurosat_s2_fft_20260412_153924.pt
olmoearth,dfc2020,s2_rgb,fft,16,0.0005,0.0,32,mIoU,33.1388,88962056,checkpoints/rsfm_dfc2020_s2_rgb_fft_20260412_153953.pt
olmoearth,dfc2020,s1,fft,16,0.0001,0.0,32,mIoU,46.9081,88962056,checkpoints/rsfm_dfc2020_s1_fft_20260412_154245.pt
olmoearth,eurosat,rgb,fft,16,0.0001,0.0,32,Acc,97.3148,88963594,checkpoints/rsfm_eurosat_rgb_fft_20260412_154456.pt
olmoearth,benv2,s2_rgb,lp,16,0.0001,0.0,32,mAP,46.2619,14611,checkpoints/rsfm_benv2_s2_rgb_lp_20260412_154826.pt
olmoearth,dfc2020,s2_rgb,fft,16,0.0001,0.0,32,mIoU,49.2149,88962056,checkpoints/rsfm_dfc2020_s2_rgb_fft_20260412_154958.pt
olmoearth,benv2,s2s1,lp,16,0.0001,0.0,32,mAP,56.3666,14611,checkpoints/rsfm_benv2_s2s1_lp_20260412_155233.pt
olmoearth,dfc2020,s2s1,fft,16,0.0005,0.0,32,mIoU,49.9909,88962056,checkpoints/rsfm_dfc2020_s2s1_fft_20260412_155501.pt
panopticon,dfc2020,s2,lp,16,0.0005,0.0,32,mIoU,48.7298,6152,checkpoints/rsfm_dfc2020_s2_lp_20260412_155623.pt
olmoearth,eurosat,s2,fft,16,0.0005,0.0,32,Acc,96.4444,88963594,checkpoints/rsfm_eurosat_s2_fft_20260412_155858.pt
olmoearth,eurosat,rgb,fft,16,0.0005,0.0,32,Acc,92.2593,88963594,checkpoints/rsfm_eurosat_rgb_fft_20260412_160003.pt
panopticon,dfc2020,s2,lp,16,0.0001,0.0,32,mIoU,48.4305,6152,checkpoints/rsfm_dfc2020_s2_lp_20260412_160246.pt
olmoearth,eurosat,vre,fft,16,0.0005,0.0,32,Acc,88.2407,88963594,checkpoints/rsfm_eurosat_vre_fft_20260412_160528.pt
olmoearth,benv2,s2,fft,16,0.0005,0.0,32,mAP,62.9989,88970515,checkpoints/rsfm_benv2_s2_fft_20260412_160531.pt
olmoearth,dfc2020,s2s1,fft,16,0.0001,0.0,32,mIoU,55.8741,88962056,checkpoints/rsfm_dfc2020_s2s1_fft_20260412_160720.pt
panopticon,dfc2020,s1,lp,16,0.0005,0.0,32,mIoU,45.5025,6152,checkpoints/rsfm_dfc2020_s1_lp_20260412_161019.pt
olmoearth,benv2,s2_rgb,lp,16,0.0005,0.0,32,mAP,49.0145,14611,checkpoints/rsfm_benv2_s2_rgb_lp_20260412_160949.pt
panopticon,dfc2020,s1,lp,16,0.0001,0.0,32,mIoU,44.5676,6152,checkpoints/rsfm_dfc2020_s1_lp_20260412_161820.pt
olmoearth,eurosat,s2,fft,16,0.0001,0.0,32,Acc,98.3519,88963594,checkpoints/rsfm_eurosat_s2_fft_20260412_161933.pt
olmoearth,dfc2020,s2_rgb,fft,16,0.0005,0.0,32,mIoU,33.68,88962056,checkpoints/rsfm_dfc2020_s2_rgb_fft_20260412_161937.pt
olmoearth,eurosat,rgb,fft,16,0.0001,0.0,32,Acc,97.2222,88963594,checkpoints/rsfm_eurosat_rgb_fft_20260412_162035.pt
olmoearth,benv2,s2,fft,16,0.0001,0.0,32,mAP,63.1109,88970515,checkpoints/rsfm_benv2_s2_fft_20260412_162306.pt
panopticon,dfc2020,s2s1,lp,16,0.0005,0.0,32,mIoU,48.732,6152,checkpoints/rsfm_dfc2020_s2s1_lp_20260412_162457.pt
olmoearth,eurosat,vre,fft,16,0.0001,0.0,32,Acc,93.8519,88963594,checkpoints/rsfm_eurosat_vre_fft_20260412_162600.pt
olmoearth,benv2,s2_rgb,lp,16,0.0001,0.0,32,mAP,45.5135,14611,checkpoints/rsfm_benv2_s2_rgb_lp_20260412_162725.pt
panopticon,dfc2020,s2s1,lp,16,0.0001,0.0,32,mIoU,48.404,6152,checkpoints/rsfm_dfc2020_s2s1_lp_20260412_163118.pt
olmoearth,dfc2020,s2_rgb,fft,16,0.0001,0.0,32,mIoU,47.4316,88962056,checkpoints/rsfm_dfc2020_s2_rgb_fft_20260412_163136.pt
panopticon,dfc2020,s2,lp,16,0.0005,0.0,32,mIoU,48.9309,6152,checkpoints/rsfm_dfc2020_s2_lp_20260412_163739.pt
olmoearth,eurosat,rgb,fft,16,0.0005,0.0,32,Acc,88.4444,88963594,checkpoints/rsfm_eurosat_rgb_fft_20260412_164013.pt
olmoearth,benv2,s1,fft,16,0.0005,0.0,32,mAP,44.962,88970515,checkpoints/rsfm_benv2_s1_fft_20260412_164016.pt
panopticon,dfc2020,s2,lp,16,0.0001,0.0,32,mIoU,48.3743,6152,checkpoints/rsfm_dfc2020_s2_lp_20260412_164309.pt
olmoearth,benv2,s2,fft,16,0.0005,0.0,32,mAP,62.9425,88970515,checkpoints/rsfm_benv2_s2_fft_20260412_164349.pt
olmoearth,eurosat,nir,fft,16,0.0005,0.0,32,Acc,65.3889,88963594,checkpoints/rsfm_eurosat_nir_fft_20260412_164638.pt
panopticon,dfc2020,s1,lp,16,0.0005,0.0,32,mIoU,44.0439,6152,checkpoints/rsfm_dfc2020_s1_lp_20260412_164843.pt
panopticon,dfc2020,s1,lp,16,0.0001,0.0,32,mIoU,44.8378,6152,checkpoints/rsfm_dfc2020_s1_lp_20260412_165414.pt
panopticon,dfc2020,s2s1,lp,16,0.0005,0.0,32,mIoU,48.9955,6152,checkpoints/rsfm_dfc2020_s2s1_lp_20260412_170003.pt
olmoearth,benv2,s2,fft,16,0.0001,0.0,32,mAP,62.8369,88970515,checkpoints/rsfm_benv2_s2_fft_20260412_170002.pt
olmoearth,eurosat,rgb,fft,16,0.0001,0.0,32,Acc,97.0556,88963594,checkpoints/rsfm_eurosat_rgb_fft_20260412_170045.pt
panopticon,dfc2020,s2s1,lp,16,0.0001,0.0,32,mIoU,49.0901,6152,checkpoints/rsfm_dfc2020_s2s1_lp_20260412_170535.pt
olmoearth,eurosat,nir,fft,16,0.0001,0.0,32,Acc,88.9074,88963594,checkpoints/rsfm_eurosat_nir_fft_20260412_170703.pt
olmoearth,eurosat,swir,fft,16,0.0005,0.0,32,Acc,63.8519,88963594,checkpoints/rsfm_eurosat_swir_fft_20260412_172730.pt
olmoearth,eurosat,s2,lp,16,0.003,0.0,32,Acc,95.6667,7690,checkpoints/rsfm_eurosat_s2_lp_20260412_174002.pt
olmoearth,eurosat,swir,fft,16,0.0001,0.0,32,Acc,81.1852,88963594,checkpoints/rsfm_eurosat_swir_fft_20260412_174756.pt
olmoearth,eurosat,rgb,lp,16,0.003,0.0,32,Acc,88.3333,7690,checkpoints/rsfm_eurosat_rgb_lp_20260412_174903.pt
olmoearth,eurosat,vre,lp,16,0.003,0.0,32,Acc,81.5,7690,checkpoints/rsfm_eurosat_vre_lp_20260412_175803.pt
panopticon,eurosat,s2,lp,16,0.0005,0.0,32,Acc,96.5556,7690,checkpoints/rsfm_eurosat_s2_lp_20260412_180044.pt
olmoearth,dfc2020,s2,lp,16,0.003,0.0,32,mIoU,51.0138,6152,checkpoints/rsfm_dfc2020_s2_lp_20260412_180348.pt
olmoearth,eurosat,nir,lp,16,0.003,0.0,32,Acc,70.6481,7690,checkpoints/rsfm_eurosat_nir_lp_20260412_180655.pt
olmoearth,dfc2020,s1,lp,16,0.003,0.0,32,mIoU,45.0575,6152,checkpoints/rsfm_dfc2020_s1_lp_20260412_180930.pt
panopticon,eurosat,s2,lp,16,0.0001,0.0,32,Acc,95.1481,7690,checkpoints/rsfm_eurosat_s2_lp_20260412_181338.pt
olmoearth,dfc2020,s2s1,lp,16,0.003,0.0,32,mIoU,53.3953,6152,checkpoints/rsfm_dfc2020_s2s1_lp_20260412_181453.pt
olmoearth,benv2,s2,lp,16,0.003,0.0,32,mAP,60.9618,14611,checkpoints/rsfm_benv2_s2_lp_20260412_181449.pt
olmoearth,eurosat,swir,lp,16,0.003,0.0,32,Acc,65.5741,7690,checkpoints/rsfm_eurosat_swir_lp_20260412_181554.pt
olmoearth,dfc2020,s2_rgb,lp,16,0.003,0.0,32,mIoU,34.8019,6152,checkpoints/rsfm_dfc2020_s2_rgb_lp_20260412_182017.pt
panopticon,eurosat,rgb,lp,16,0.0005,0.0,32,Acc,96.1111,7690,checkpoints/rsfm_eurosat_rgb_lp_20260412_182156.pt
panopticon,eurosat,rgb,lp,16,0.0001,0.0,32,Acc,94.7407,7690,checkpoints/rsfm_eurosat_rgb_lp_20260412_183003.pt
olmoearth,dfc2020,s2,fft,16,0.003,0.0,32,mIoU,36.6625,88962056,checkpoints/rsfm_dfc2020_s2_fft_20260412_183036.pt
olmoearth,benv2,s1,lp,16,0.003,0.0,32,mAP,48.9508,14611,checkpoints/rsfm_benv2_s1_lp_20260412_183145.pt
olmoearth,eurosat,s2,fft,16,0.003,0.0,32,Acc,73.5556,88963594,checkpoints/rsfm_eurosat_s2_fft_20260412_183644.pt
panopticon,eurosat,vre,lp,16,0.0005,0.0,32,Acc,93.7963,7690,checkpoints/rsfm_eurosat_vre_lp_20260412_183811.pt
olmoearth,dfc2020,s1,fft,16,0.003,0.0,32,mIoU,35.6925,88962056,checkpoints/rsfm_dfc2020_s1_fft_20260412_184202.pt
panopticon,eurosat,vre,lp,16,0.0001,0.0,32,Acc,91.8519,7690,checkpoints/rsfm_eurosat_vre_lp_20260412_184616.pt
olmoearth,benv2,s2s1,lp,16,0.003,0.0,32,mAP,61.8671,14611,checkpoints/rsfm_benv2_s2s1_lp_20260412_184836.pt
olmoearth,dfc2020,s2s1,fft,16,0.003,0.0,32,mIoU,38.792,88962056,checkpoints/rsfm_dfc2020_s2s1_fft_20260412_185335.pt
panopticon,eurosat,nir,lp,16,0.0005,0.0,32,Acc,93.0926,7690,checkpoints/rsfm_eurosat_nir_lp_20260412_185355.pt
olmoearth,eurosat,rgb,fft,16,0.003,0.0,32,Acc,50.2963,88963594,checkpoints/rsfm_eurosat_rgb_fft_20260412_185722.pt
panopticon,eurosat,nir,lp,16,0.0001,0.0,32,Acc,91.6296,7690,checkpoints/rsfm_eurosat_nir_lp_20260412_190130.pt
olmoearth,dfc2020,s2_rgb,fft,16,0.003,0.0,32,mIoU,28.348,88962056,checkpoints/rsfm_dfc2020_s2_rgb_fft_20260412_190341.pt
olmoearth,benv2,s2_rgb,lp,16,0.003,0.0,32,mAP,51.8531,14611,checkpoints/rsfm_benv2_s2_rgb_lp_20260412_190530.pt
panopticon,dfc2020,s2,lp,16,0.003,0.0,32,mIoU,47.3099,6152,checkpoints/rsfm_dfc2020_s2_lp_20260412_190922.pt
panopticon,eurosat,swir,lp,16,0.0005,0.0,32,Acc,88.8704,7690,checkpoints/rsfm_eurosat_swir_lp_20260412_190941.pt
panopticon,dfc2020,s1,lp,16,0.003,0.0,32,mIoU,43.159,6152,checkpoints/rsfm_dfc2020_s1_lp_20260412_191501.pt
panopticon,eurosat,swir,lp,16,0.0001,0.0,32,Acc,87.037,7690,checkpoints/rsfm_eurosat_swir_lp_20260412_191749.pt
olmoearth,eurosat,vre,fft,16,0.003,0.0,32,Acc,71.7593,88963594,checkpoints/rsfm_eurosat_vre_fft_20260412_191758.pt
panopticon,dfc2020,s2s1,lp,16,0.003,0.0,32,mIoU,48.7847,6152,checkpoints/rsfm_dfc2020_s2s1_lp_20260412_192049.pt
olmoearth,benv2,s2,fft,16,0.003,0.0,32,mAP,44.2031,88970515,checkpoints/rsfm_benv2_s2_fft_20260412_192248.pt
panopticon,dfc2020,s2_rgb,lp,16,0.003,0.0,32,mIoU,43.3676,6152,checkpoints/rsfm_dfc2020_s2_rgb_lp_20260412_192630.pt
panopticon,dfc2020,s2,fft,16,0.003,0.0,32,mIoU,42.9962,98982152,checkpoints/rsfm_dfc2020_s2_fft_20260412_193828.pt
olmoearth,eurosat,nir,fft,16,0.003,0.0,32,Acc,53.6852,88963594,checkpoints/rsfm_eurosat_nir_fft_20260412_193832.pt
olmoearth,benv2,s1,fft,16,0.003,0.0,32,mAP,37.4205,88970515,checkpoints/rsfm_benv2_s1_fft_20260412_194020.pt
panopticon,eurosat,s2,fft,16,0.0005,0.0,32,Acc,94.8333,98983690,checkpoints/rsfm_eurosat_s2_fft_20260412_194439.pt
panopticon,dfc2020,s1,fft,16,0.003,0.0,32,mIoU,33.5569,98982152,checkpoints/rsfm_dfc2020_s1_fft_20260412_194751.pt
olmoearth,benv2,s2s1,fft,16,0.003,0.0,32,mAP,47.5683,88970515,checkpoints/rsfm_benv2_s2s1_fft_20260412_195750.pt
olmoearth,eurosat,swir,fft,16,0.003,0.0,32,Acc,53.8333,88963594,checkpoints/rsfm_eurosat_swir_fft_20260412_195848.pt
panopticon,dfc2020,s2s1,fft,16,0.003,0.0,32,mIoU,41.6359,98982152,checkpoints/rsfm_dfc2020_s2s1_fft_20260412_200035.pt
panopticon,dfc2020,s2_rgb,fft,16,0.003,0.0,32,mIoU,26.2918,98982152,checkpoints/rsfm_dfc2020_s2_rgb_fft_20260412_200949.pt
panopticon,eurosat,s2,lp,16,0.003,0.0,32,Acc,96.2593,7690,checkpoints/rsfm_eurosat_s2_lp_20260412_201133.pt
panopticon,eurosat,s2,fft,16,0.0001,0.0,32,Acc,98.2963,98983690,checkpoints/rsfm_eurosat_s2_fft_20260412_201143.pt
olmoearth,benv2,s2s1,fft,16,0.0001,0.0,32,mAP,63.5358,88970515,checkpoints/rsfm_benv2_s2s1_fft_20260412_201525.pt
panopticon,eurosat,rgb,lp,16,0.003,0.0,32,Acc,95.8889,7690,checkpoints/rsfm_eurosat_rgb_lp_20260412_202009.pt
panopticon,eurosat,vre,lp,16,0.003,0.0,32,Acc,93.9259,7690,checkpoints/rsfm_eurosat_vre_lp_20260412_202830.pt
panopticon,eurosat,rgb,fft,16,0.0005,0.0,32,Acc,90.7407,98983690,checkpoints/rsfm_eurosat_rgb_fft_20260412_202908.pt
olmoearth,benv2,s2_rgb,fft,16,0.003,0.0,32,mAP,32.977,88970515,checkpoints/rsfm_benv2_s2_rgb_fft_20260412_203149.pt
panopticon,eurosat,rgb,fft,16,0.0001,0.0,32,Acc,97.6111,98983690,checkpoints/rsfm_eurosat_rgb_fft_20260412_204618.pt
panopticon,benv2,s2,lp,16,0.003,0.0,32,mAP,57.7738,14611,checkpoints/rsfm_benv2_s2_lp_20260412_204853.pt
panopticon,eurosat,vre,fft,16,0.0005,0.0,32,Acc,89.8519,98983690,checkpoints/rsfm_eurosat_vre_fft_20260412_210333.pt
panopticon,eurosat,vre,fft,16,0.0001,0.0,32,Acc,96.5,98983690,checkpoints/rsfm_eurosat_vre_fft_20260412_212045.pt
panopticon,eurosat,nir,fft,16,0.0005,0.0,32,Acc,83.8519,98983690,checkpoints/rsfm_eurosat_nir_fft_20260412_213700.pt
panopticon,eurosat,nir,fft,16,0.0001,0.0,32,Acc,94.9815,98983690,checkpoints/rsfm_eurosat_nir_fft_20260412_215307.pt
panopticon,eurosat,swir,fft,16,0.0005,0.0,32,Acc,86.8889,98983690,checkpoints/rsfm_eurosat_swir_fft_20260412_221021.pt
panopticon,eurosat,swir,fft,16,0.0001,0.0,32,Acc,95.3704,98983690,checkpoints/rsfm_eurosat_swir_fft_20260412_222731.pt
panopticon,eurosat,nir,lp,16,0.003,0.0,32,Acc,92.5,7690,checkpoints/rsfm_eurosat_nir_lp_20260412_235842.pt
panopticon,eurosat,swir,lp,16,0.003,0.0,32,Acc,88.2037,7690,checkpoints/rsfm_eurosat_swir_lp_20260413_000711.pt
dinov3-vitb-lvd,dfc2020,s2_rgb,lp,16,0.003,0.0,32,mIoU,43.4628,6152,checkpoints/rsfm_dfc2020_s2_rgb_lp_20260413_000719.pt
dinov3-vitb-lvd,dfc2020,s2_rgb,lp,16,0.001,0.0,32,mIoU,44.5345,6152,checkpoints/rsfm_dfc2020_s2_rgb_lp_20260413_001253.pt
dinov3-vitb-lvd,dfc2020,s2_rgb,lp,16,0.0005,0.0,32,mIoU,45.8024,6152,checkpoints/rsfm_dfc2020_s2_rgb_lp_20260413_001806.pt
dinov3-vitb-lvd,dfc2020,s2_rgb,lp,16,0.0001,0.0,32,mIoU,44.633,6152,checkpoints/rsfm_dfc2020_s2_rgb_lp_20260413_002317.pt
dinov3-vitb-lvd,dfc2020,s2_rgb,fft,16,0.003,0.0,32,mIoU,26.1594,85666568,checkpoints/rsfm_dfc2020_s2_rgb_fft_20260413_003115.pt
panopticon,benv2,s1,lp,16,0.003,0.0,32,mAP,51.0076,14611,checkpoints/rsfm_benv2_s1_lp_20260413_003246.pt
panopticon,eurosat,s2,fft,16,0.003,0.0,32,Acc,50.3519,98983690,checkpoints/rsfm_eurosat_s2_fft_20260413_003337.pt
dinov3-vitb-lvd,dfc2020,s2_rgb,fft,16,0.001,0.0,32,mIoU,32.9014,85666568,checkpoints/rsfm_dfc2020_s2_rgb_fft_20260413_003933.pt
dinov3-vitb-lvd,dfc2020,s2_rgb,fft,16,0.0005,0.0,32,mIoU,35.3585,85666568,checkpoints/rsfm_dfc2020_s2_rgb_fft_20260413_004733.pt
panopticon,eurosat,rgb,fft,16,0.003,0.0,32,Acc,53.1111,98983690,checkpoints/rsfm_eurosat_rgb_fft_20260413_005053.pt
panopticon,benv2,s1,lp,16,0.0005,0.0,32,mAP,52.1496,14611,checkpoints/rsfm_benv2_s1_lp_20260413_005057.pt
dinov3-vitb-lvd,dfc2020,s2_rgb,fft,16,0.0001,0.0,32,mIoU,47.3557,85666568,checkpoints/rsfm_dfc2020_s2_rgb_fft_20260413_005602.pt
dinov3-vitl-lvd,dfc2020,s2_rgb,lp,16,0.003,0.0,32,mIoU,44.2029,8200,checkpoints/rsfm_dfc2020_s2_rgb_lp_20260413_010303.pt
panopticon,eurosat,rgb,fft,16,0.001,0.0,32,Acc,65.2222,98983690,checkpoints/rsfm_eurosat_rgb_fft_20260413_010754.pt
panopticon,benv2,s2s1,lp,16,0.003,0.0,32,mAP,56.4404,14611,checkpoints/rsfm_benv2_s2s1_lp_20260413_010911.pt
dinov3-vitl-lvd,dfc2020,s2_rgb,lp,16,0.001,0.0,32,mIoU,44.3875,8200,checkpoints/rsfm_dfc2020_s2_rgb_lp_20260413_011001.pt
dinov3-vitl-lvd,dfc2020,s2_rgb,lp,16,0.0005,0.0,32,mIoU,43.122,8200,checkpoints/rsfm_dfc2020_s2_rgb_lp_20260413_011658.pt
dinov3-vitl-lvd,dfc2020,s2_rgb,lp,16,0.0001,0.0,32,mIoU,42.3774,8200,checkpoints/rsfm_dfc2020_s2_rgb_lp_20260413_012354.pt
panopticon,eurosat,vre,fft,16,0.003,0.0,32,Acc,58.5926,98983690,checkpoints/rsfm_eurosat_vre_fft_20260413_012503.pt
panopticon,benv2,s2_rgb,lp,16,0.003,0.0,32,mAP,53.3545,14611,checkpoints/rsfm_benv2_s2_rgb_lp_20260413_012717.pt
dinov3-vitl-lvd,dfc2020,s2_rgb,fft,16,0.003,0.0,32,mIoU,27.5517,303137800,checkpoints/rsfm_dfc2020_s2_rgb_fft_20260413_014034.pt
panopticon,eurosat,vre,fft,16,0.001,0.0,32,Acc,73.1111,98983690,checkpoints/rsfm_eurosat_vre_fft_20260413_014208.pt
panopticon,benv2,s2_rgb,lp,16,0.0001,0.0,32,mAP,53.6611,14611,checkpoints/rsfm_benv2_s2_rgb_lp_20260413_014502.pt
dinov3-vitl-lvd,dfc2020,s2_rgb,fft,16,0.001,0.0,32,mIoU,12.7086,303137800,checkpoints/rsfm_dfc2020_s2_rgb_fft_20260413_015719.pt
panopticon,benv2,s2,fft,16,0.003,0.0,32,mAP,29.3038,98990611,checkpoints/rsfm_benv2_s2_fft_20260413_020357.pt
dinov3-vitl-lvd,dfc2020,s2_rgb,fft,16,0.0005,0.0,32,mIoU,40.3945,303137800,checkpoints/rsfm_dfc2020_s2_rgb_fft_20260413_021359.pt
panopticon,benv2,s2,fft,16,0.001,0.0,32,mAP,45.6915,98990611,checkpoints/rsfm_benv2_s2_fft_20260413_022257.pt
dinov3-vitl-lvd,dfc2020,s2_rgb,fft,16,0.0001,0.0,32,mIoU,49.6879,303137800,checkpoints/rsfm_dfc2020_s2_rgb_fft_20260413_023046.pt
dinov3-vitl-sat,dfc2020,s2_rgb,lp,16,0.003,0.0,32,mIoU,43.7246,8200,checkpoints/rsfm_dfc2020_s2_rgb_lp_20260413_023747.pt
panopticon,benv2,s2,fft,16,0.0005,0.0,32,mAP,55.7993,98990611,checkpoints/rsfm_benv2_s2_fft_20260413_024201.pt
dinov3-vitl-sat,dfc2020,s2_rgb,lp,16,0.001,0.0,32,mIoU,43.2289,8200,checkpoints/rsfm_dfc2020_s2_rgb_lp_20260413_024445.pt
panopticon,eurosat,swir,fft,16,0.001,0.0,32,Acc,61.7778,98983690,checkpoints/rsfm_eurosat_swir_fft_20260413_024737.pt
dinov3-vitl-sat,dfc2020,s2_rgb,lp,16,0.0005,0.0,32,mIoU,43.1067,8200,checkpoints/rsfm_dfc2020_s2_rgb_lp_20260413_025145.pt
dinov3-vitl-sat,dfc2020,s2_rgb,lp,16,0.0001,0.0,32,mIoU,41.5039,8200,checkpoints/rsfm_dfc2020_s2_rgb_lp_20260413_025844.pt
panopticon,benv2,s2,fft,16,0.0001,0.0,32,mAP,58.7988,98990611,checkpoints/rsfm_benv2_s2_fft_20260413_030105.pt
olmoearth,eurosat,s2,lp,16,0.003,0.0,32,Acc,95.7037,7690,checkpoints/rsfm_eurosat_s2_lp_20260413_112305.pt
olmoearth,dfc2020,s2,lp,16,0.003,0.0,32,mIoU,51.2281,6152,checkpoints/rsfm_dfc2020_s2_lp_20260413_112737.pt
olmoearth,benv2,s2,lp,16,0.003,0.0,32,mAP,61.0453,14611,checkpoints/rsfm_benv2_s2_lp_20260413_112957.pt
olmoearth,eurosat,s2,lp,16,0.001,0.0,32,Acc,94.9074,7690,checkpoints/rsfm_eurosat_s2_lp_20260413_113218.pt
olmoearth,dfc2020,s2,lp,16,0.001,0.0,32,mIoU,50.4005,6152,checkpoints/rsfm_dfc2020_s2_lp_20260413_113331.pt
olmoearth,dfc2020,s2,lp,16,0.0005,0.0,32,mIoU,49.5054,6152,checkpoints/rsfm_dfc2020_s2_lp_20260413_113920.pt
olmoearth,eurosat,s2,lp,16,0.0005,0.0,32,Acc,94.1481,7690,checkpoints/rsfm_eurosat_s2_lp_20260413_114135.pt
olmoearth,dfc2020,s2,lp,16,0.0001,0.0,32,mIoU,47.2792,6152,checkpoints/rsfm_dfc2020_s2_lp_20260413_114508.pt
olmoearth,benv2,s2,lp,16,0.001,0.0,32,mAP,60.2201,14611,checkpoints/rsfm_benv2_s2_lp_20260413_114653.pt
olmoearth,eurosat,s2,lp,16,0.0001,0.0,32,Acc,91.2778,7690,checkpoints/rsfm_eurosat_s2_lp_20260413_115051.pt
olmoearth,dfc2020,s1,lp,16,0.003,0.0,32,mIoU,46.3159,6152,checkpoints/rsfm_dfc2020_s1_lp_20260413_115054.pt
olmoearth,dfc2020,s1,lp,16,0.001,0.0,32,mIoU,43.976,6152,checkpoints/rsfm_dfc2020_s1_lp_20260413_115648.pt
olmoearth,eurosat,rgb,lp,16,0.003,0.0,32,Acc,88.3519,7690,checkpoints/rsfm_eurosat_rgb_lp_20260413_120004.pt
olmoearth,dfc2020,s1,lp,16,0.0005,0.0,32,mIoU,43.5597,6152,checkpoints/rsfm_dfc2020_s1_lp_20260413_120248.pt
olmoearth,dfc2020,s1,lp,16,0.0001,0.0,32,mIoU,42.6976,6152,checkpoints/rsfm_dfc2020_s1_lp_20260413_120900.pt
olmoearth,eurosat,rgb,lp,16,0.001,0.0,32,Acc,86.2593,7690,checkpoints/rsfm_eurosat_rgb_lp_20260413_120917.pt
olmoearth,dfc2020,s2s1,lp,16,0.003,0.0,32,mIoU,52.5856,6152,checkpoints/rsfm_dfc2020_s2s1_lp_20260413_121449.pt
olmoearth,eurosat,rgb,lp,16,0.0005,0.0,32,Acc,84.9074,7690,checkpoints/rsfm_eurosat_rgb_lp_20260413_121835.pt
olmoearth,dfc2020,s2s1,lp,16,0.001,0.0,32,mIoU,52.7493,6152,checkpoints/rsfm_dfc2020_s2s1_lp_20260413_122035.pt
olmoearth,dfc2020,s2s1,lp,16,0.0005,0.0,32,mIoU,52.7898,6152,checkpoints/rsfm_dfc2020_s2s1_lp_20260413_122624.pt
olmoearth,eurosat,rgb,lp,16,0.0001,0.0,32,Acc,81.037,7690,checkpoints/rsfm_eurosat_rgb_lp_20260413_122757.pt
olmoearth,dfc2020,s2s1,lp,16,0.0001,0.0,32,mIoU,51.5189,6152,checkpoints/rsfm_dfc2020_s2s1_lp_20260413_123212.pt
olmoearth,benv2,s1,lp,16,0.003,0.0,32,mAP,48.8498,14611,checkpoints/rsfm_benv2_s1_lp_20260413_123326.pt
olmoearth,eurosat,vre,lp,16,0.003,0.0,32,Acc,80.8148,7690,checkpoints/rsfm_eurosat_vre_lp_20260413_123656.pt
olmoearth,dfc2020,s2_rgb,lp,16,0.003,0.0,32,mIoU,34.1187,6152,checkpoints/rsfm_dfc2020_s2_rgb_lp_20260413_123756.pt
olmoearth,eurosat,vre,lp,16,0.001,0.0,32,Acc,79.4815,7690,checkpoints/rsfm_eurosat_vre_lp_20260413_124555.pt
olmoearth,benv2,s1,lp,16,0.001,0.0,32,mAP,47.1587,14611,checkpoints/rsfm_benv2_s1_lp_20260413_125015.pt
olmoearth,eurosat,vre,lp,16,0.0005,0.0,32,Acc,78.0741,7690,checkpoints/rsfm_eurosat_vre_lp_20260413_125501.pt
olmoearth,dfc2020,s2_rgb,lp,16,0.001,0.0,32,mIoU,32.7687,6152,checkpoints/rsfm_dfc2020_s2_rgb_lp_20260413_125650.pt
olmoearth,dfc2020,s2_rgb,lp,16,0.0005,0.0,32,mIoU,32.1048,6152,checkpoints/rsfm_dfc2020_s2_rgb_lp_20260413_130242.pt
olmoearth,eurosat,vre,lp,16,0.0001,0.0,32,Acc,73.9074,7690,checkpoints/rsfm_eurosat_vre_lp_20260413_130358.pt
olmoearth,benv2,s1,lp,16,0.0005,0.0,32,mAP,46.3204,14611,checkpoints/rsfm_benv2_s1_lp_20260413_130702.pt
olmoearth,dfc2020,s2_rgb,lp,16,0.0001,0.0,32,mIoU,32.8286,6152,checkpoints/rsfm_dfc2020_s2_rgb_lp_20260413_130923.pt
olmoearth,eurosat,nir,lp,16,0.003,0.0,32,Acc,70.4444,7690,checkpoints/rsfm_eurosat_nir_lp_20260413_131253.pt
olmoearth,dfc2020,s2,fft,16,0.003,0.0,32,mIoU,37.7061,88962056,checkpoints/rsfm_dfc2020_s2_fft_20260413_132134.pt
olmoearth,eurosat,nir,lp,16,0.001,0.0,32,Acc,68.3519,7690,checkpoints/rsfm_eurosat_nir_lp_20260413_132149.pt
olmoearth,benv2,s1,lp,16,0.0001,0.0,32,mAP,44.65,14611,checkpoints/rsfm_benv2_s1_lp_20260413_132349.pt
olmoearth,eurosat,nir,lp,16,0.0005,0.0,32,Acc,66.2963,7690,checkpoints/rsfm_eurosat_nir_lp_20260413_133051.pt
olmoearth,dfc2020,s2,fft,16,0.001,0.0,32,mIoU,46.8169,88962056,checkpoints/rsfm_dfc2020_s2_fft_20260413_133348.pt
olmoearth,eurosat,nir,lp,16,0.0001,0.0,32,Acc,60.7963,7690,checkpoints/rsfm_eurosat_nir_lp_20260413_133946.pt
olmoearth,benv2,s2s1,lp,16,0.003,0.0,32,mAP,61.9101,14611,checkpoints/rsfm_benv2_s2s1_lp_20260413_134057.pt
olmoearth,dfc2020,s2,fft,16,0.0005,0.0,32,mIoU,49.7221,88962056,checkpoints/rsfm_dfc2020_s2_fft_20260413_134600.pt
olmoearth,dfc2020,s2,fft,16,0.0001,0.0,32,mIoU,51.9631,88962056,checkpoints/rsfm_dfc2020_s2_fft_20260413_135655.pt
olmoearth,benv2,s2s1,lp,16,0.001,0.0,32,mAP,60.2568,14611,checkpoints/rsfm_benv2_s2s1_lp_20260413_135752.pt
panopticon,eurosat,nir,lp,16,0.0001,0.0,32,Acc,90.0,7690,checkpoints/rsfm_eurosat_nir_lp_20260413_135959.pt
panopticon,eurosat,swir,lp,16,0.003,0.0,32,Acc,87.3704,7690,checkpoints/rsfm_eurosat_swir_lp_20260413_140758.pt
olmoearth,dfc2020,s1,fft,16,0.003,0.0,32,mIoU,36.5997,88962056,checkpoints/rsfm_dfc2020_s1_fft_20260413_140906.pt
dinov3-vitb-lvd,dfc2020,s2_rgb,lp,16,0.003,0.0,32,mIoU,45.9781,6152,checkpoints/rsfm_dfc2020_s2_rgb_lp_20260413_170057.pt
dinov3-vitb-lvd,dfc2020,s2_rgb,lp,16,0.001,0.0,32,mIoU,45.8265,6152,checkpoints/rsfm_dfc2020_s2_rgb_lp_20260413_170749.pt
dinov3-vitb-lvd,benv2,s2_rgb,lp,16,0.003,0.0,32,mAP,51.7974,14611,checkpoints/rsfm_benv2_s2_rgb_lp_20260413_171101.pt
dinov3-vitb-lvd,dfc2020,s2_rgb,lp,16,0.0005,0.0,32,mIoU,45.4714,6152,checkpoints/rsfm_dfc2020_s2_rgb_lp_20260413_171311.pt
dinov3-vitb-lvd,dfc2020,s2_rgb,lp,16,0.0001,0.0,32,mIoU,44.5409,6152,checkpoints/rsfm_dfc2020_s2_rgb_lp_20260413_171829.pt
dinov3-vitb-lvd,benv2,s2_rgb,lp,16,0.001,0.0,32,mAP,52.7443,14611,checkpoints/rsfm_benv2_s2_rgb_lp_20260413_172745.pt
dinov3-vitb-lvd,dfc2020,s2_rgb,fft,16,0.003,0.0,32,mIoU,27.2769,85666568,checkpoints/rsfm_dfc2020_s2_rgb_fft_20260413_172848.pt
dinov3-vitb-lvd,dfc2020,s2_rgb,fft,16,0.001,0.0,32,mIoU,33.4193,85666568,checkpoints/rsfm_dfc2020_s2_rgb_fft_20260413_173944.pt
dinov3-vitb-lvd,benv2,s2_rgb,lp,16,0.0005,0.0,32,mAP,52.8446,14611,checkpoints/rsfm_benv2_s2_rgb_lp_20260413_174415.pt
dinov3-vitb-lvd,dfc2020,s2_rgb,fft,16,0.0005,0.0,32,mIoU,34.7997,85666568,checkpoints/rsfm_dfc2020_s2_rgb_fft_20260413_175027.pt
dinov3-vitb-lvd,benv2,s2_rgb,lp,16,0.0001,0.0,32,mAP,51.1681,14611,checkpoints/rsfm_benv2_s2_rgb_lp_20260413_180019.pt
dinov3-vitb-lvd,dfc2020,s2_rgb,fft,16,0.0001,0.0,32,mIoU,45.7242,85666568,checkpoints/rsfm_dfc2020_s2_rgb_fft_20260413_180109.pt
dinov3-vitl-lvd,dfc2020,s2_rgb,lp,16,0.003,0.0,32,mIoU,43.748,8200,checkpoints/rsfm_dfc2020_s2_rgb_lp_20260413_180835.pt
dinov3-vitl-lvd,dfc2020,s2_rgb,lp,16,0.001,0.0,32,mIoU,43.382,8200,checkpoints/rsfm_dfc2020_s2_rgb_lp_20260413_181559.pt
dinov3-vitb-lvd,benv2,s2_rgb,fft,16,0.003,0.0,32,mAP,35.1548,85675027,checkpoints/rsfm_benv2_s2_rgb_fft_20260413_181622.pt
dinov3-vitl-lvd,dfc2020,s2_rgb,lp,16,0.0005,0.0,32,mIoU,43.8531,8200,checkpoints/rsfm_dfc2020_s2_rgb_lp_20260413_182342.pt
dinov3-vitl-lvd,dfc2020,s2_rgb,lp,16,0.0001,0.0,32,mIoU,41.9988,8200,checkpoints/rsfm_dfc2020_s2_rgb_lp_20260413_183132.pt
dinov3-vitb-lvd,benv2,s2_rgb,fft,16,0.001,0.0,32,mAP,42.51,85675027,checkpoints/rsfm_benv2_s2_rgb_fft_20260413_183232.pt
dinov3-vitb-lvd,benv2,s2_rgb,fft,16,0.0005,0.0,32,mAP,43.7444,85675027,checkpoints/rsfm_benv2_s2_rgb_fft_20260413_184817.pt
dinov3-vitl-lvd,dfc2020,s2_rgb,fft,16,0.003,0.0,32,mIoU,27.0389,303137800,checkpoints/rsfm_dfc2020_s2_rgb_fft_20260413_184853.pt
dinov3-vitb-lvd,benv2,s2_rgb,fft,16,0.0001,0.0,32,mAP,43.0708,85675027,checkpoints/rsfm_benv2_s2_rgb_fft_20260413_190337.pt
dinov3-vitl-lvd,dfc2020,s2_rgb,fft,16,0.001,0.0,32,mIoU,34.6139,303137800,checkpoints/rsfm_dfc2020_s2_rgb_fft_20260413_190621.pt
dinov3-vitl-lvd,benv2,s2_rgb,lp,16,0.003,0.0,32,mAP,51.1218,19475,checkpoints/rsfm_benv2_s2_rgb_lp_20260413_191925.pt
dinov3-vitl-lvd,dfc2020,s2_rgb,fft,16,0.0005,0.0,32,mIoU,35.1065,303137800,checkpoints/rsfm_dfc2020_s2_rgb_fft_20260413_192322.pt
dinov3-vitl-lvd,benv2,s2_rgb,lp,16,0.001,0.0,32,mAP,52.4553,19475,checkpoints/rsfm_benv2_s2_rgb_lp_20260413_193551.pt
dinov3-vitl-lvd,dfc2020,s2_rgb,fft,16,0.0001,0.0,32,mIoU,49.8861,303137800,checkpoints/rsfm_dfc2020_s2_rgb_fft_20260413_194016.pt
dinov3-vitl-lvd,benv2,s2_rgb,lp,16,0.0005,0.0,32,mAP,52.5832,19475,checkpoints/rsfm_benv2_s2_rgb_lp_20260413_195229.pt
dinov3-vitl-lvd,benv2,s2_rgb,lp,16,0.0001,0.0,32,mAP,50.8991,19475,checkpoints/rsfm_benv2_s2_rgb_lp_20260413_205425.pt
dinov3-vitl-sat,benv2,s2_rgb,fft,20,0.0003,0.0,32,mAP,45.7469,303149075,checkpoints/rsfm_benv2_s2_rgb_fft_20260413_210459.pt
dinov3-vitl-lvd,benv2,s2_rgb,fft,16,0.003,0.0,32,mAP,33.2055,303149075,checkpoints/rsfm_benv2_s2_rgb_fft_20260413_211452.pt
dinov3-vitl-sat,benv2,s2_rgb,lp,20,0.0003,0.0,32,mAP,51.7446,19475,checkpoints/rsfm_benv2_s2_rgb_lp_20260413_212857.pt
dinov3-vitl-lvd,benv2,s2_rgb,fft,16,0.001,0.0,32,mAP,35.5048,303149075,checkpoints/rsfm_benv2_s2_rgb_fft_20260413_213515.pt
dinov3-vitl-sat,dfc2020,s2_rgb,fft,16,0.001,0.0,32,mIoU,38.4446,303137800,checkpoints/rsfm_dfc2020_s2_rgb_fft_20260413_215337.pt
dinov3-vitl-lvd,benv2,s2_rgb,fft,16,0.0005,0.0,32,mAP,45.6923,303149075,checkpoints/rsfm_benv2_s2_rgb_fft_20260413_215603.pt
dinov3-vitl-lvd,benv2,s2_rgb,fft,16,0.0005,0.0,32,mAP,35.1007,303149075,checkpoints/rsfm_benv2_s2_rgb_fft_20260413_215740.pt
panopticon,benv2,s2,fft,16,0.001,0.0,32,mAP,39.9701,98990611,checkpoints/rsfm_benv2_s2_fft_20260413_220314.pt
dinov3-vitl-sat,dfc2020,s2_rgb,fft,16,0.0005,0.0,32,mIoU,38.5012,303137800,checkpoints/rsfm_dfc2020_s2_rgb_fft_20260413_221055.pt
dinov3-vitl-lvd,benv2,s2_rgb,fft,16,0.0001,0.0,32,mAP,55.6192,303149075,checkpoints/rsfm_benv2_s2_rgb_fft_20260413_221700.pt
dinov3-vitl-lvd,benv2,s2_rgb,fft,16,0.0001,0.0,32,mAP,54.3238,303149075,checkpoints/rsfm_benv2_s2_rgb_fft_20260413_221840.pt
panopticon,benv2,s1,fft,16,0.001,0.0,32,mAP,36.5199,98990611,checkpoints/rsfm_benv2_s1_fft_20260413_222423.pt
dinov3-vitl-lvd,benv2,s2_rgb,fft,16,0.0001,0.0,32,mAP,54.8704,303149075,checkpoints/rsfm_benv2_s2_rgb_fft_20260413_222520.pt
dinov3-vitl-sat,dfc2020,s2_rgb,fft,16,0.0001,0.0,32,mIoU,49.8212,303137800,checkpoints/rsfm_dfc2020_s2_rgb_fft_20260413_222807.pt
dinov3-vitl-sat,benv2,s2_rgb,lp,16,0.003,0.0,32,mAP,50.5028,19475,checkpoints/rsfm_benv2_s2_rgb_lp_20260413_223321.pt
dinov3-vitl-sat,benv2,s2_rgb,fft,16,0.001,0.0,32,mAP,35.8291,303149075,checkpoints/rsfm_benv2_s2_rgb_fft_20260413_223708.pt
dinov3-vitl-sat,benv2,s2_rgb,fft,16,0.001,0.0,32,mAP,36.6781,303149075,checkpoints/rsfm_benv2_s2_rgb_fft_20260413_223940.pt
panopticon,benv2,s1,fft,16,0.0005,0.0,32,mAP,41.3146,98990611,checkpoints/rsfm_benv2_s1_fft_20260413_224557.pt
dinov3-vitl-sat,benv2,s2_rgb,lp,16,0.001,0.0,32,mAP,51.57,19475,checkpoints/rsfm_benv2_s2_rgb_lp_20260413_224952.pt
dinov3-vitl-sat,benv2,s2_rgb,fft,16,0.0005,0.0,32,mAP,45.2593,303149075,checkpoints/rsfm_benv2_s2_rgb_fft_20260413_225915.pt
dinov3-vitl-sat,benv2,s2_rgb,fft,16,0.0005,0.0,32,mAP,43.2987,303149075,checkpoints/rsfm_benv2_s2_rgb_fft_20260413_230045.pt
dinov3-vitl-sat,benv2,s2_rgb,lp,16,0.0005,0.0,32,mAP,51.6162,19475,checkpoints/rsfm_benv2_s2_rgb_lp_20260413_230614.pt
panopticon,benv2,s1,fft,16,0.0001,0.0,32,mAP,48.6962,98990611,checkpoints/rsfm_benv2_s1_fft_20260413_230803.pt
olmoearth-large,dfc2020,s2,fft,16,0.0005,0.0,32,mIoU,32.7568,307781640,checkpoints/rsfm_dfc2020_s2_fft_20260413_231740.pt
olmoearth-large,benv2,s2,fft,16,0.0005,0.0,32,mAP,48.5851,307792915,checkpoints/rsfm_benv2_s2_fft_20260413_231956.pt
dinov3-vitl-sat,benv2,s2_rgb,fft,16,0.0001,0.0,32,mAP,55.8029,303149075,checkpoints/rsfm_benv2_s2_rgb_fft_20260413_232056.pt
dinov3-vitl-sat,benv2,s2_rgb,fft,16,0.0001,0.0,32,mAP,55.0207,303149075,checkpoints/rsfm_benv2_s2_rgb_fft_20260413_232129.pt
dinov3-vitl-sat,benv2,s2_rgb,lp,16,0.0001,0.0,32,mAP,49.6465,19475,checkpoints/rsfm_benv2_s2_rgb_lp_20260413_232229.pt
panopticon,benv2,s2s1,fft,16,0.001,0.0,32,mAP,44.7192,98990611,checkpoints/rsfm_benv2_s2s1_fft_20260413_233028.pt
dinov3-vitl-sat,benv2,s2_rgb,lp,16,0.0001,0.0,32,mAP,50.2089,19475,checkpoints/rsfm_benv2_s2_rgb_lp_20260413_233806.pt
dinov3-vitl-sat,benv2,s2_rgb,lp,16,0.0001,0.0,32,mAP,50.182,19475,checkpoints/rsfm_benv2_s2_rgb_lp_20260413_233906.pt
olmoearth-large,dfc2020,s2,fft,16,0.0001,0.0,32,mIoU,50.0502,307781640,checkpoints/rsfm_dfc2020_s2_fft_20260413_233954.pt
olmoearth-large,benv2,s2,fft,16,0.0001,0.0,32,mAP,63.7373,307792915,checkpoints/rsfm_benv2_s2_fft_20260413_234427.pt
panopticon,benv2,s2s1,fft,16,0.0005,0.0,32,mAP,52.551,98990611,checkpoints/rsfm_benv2_s2s1_fft_20260413_235129.pt
panopticon,benv2,s2s1,fft,16,0.0005,0.0,32,mAP,52.5510,98990611,checkpoints/rsfm_benv2_s2s1_fft_20260413_235129.pt
olmoearth-large,dfc2020,s1,fft,16,0.0005,0.0,32,mIoU,31.9388,307781640,checkpoints/rsfm_dfc2020_s1_fft_20260414_000653.pt
panopticon,benv2,s2s1,fft,16,0.0001,0.0,32,mAP,58.8335,98990611,checkpoints/rsfm_benv2_s2s1_fft_20260414_001138.pt
olmoearth-large,benv2,s1,fft,16,0.0005,0.0,32,mAP,36.5631,307792915,checkpoints/rsfm_benv2_s1_fft_20260414_001407.pt
panopticon,benv2,s2_rgb,fft,16,0.001,0.0,32,mAP,39.9891,98990611,checkpoints/rsfm_benv2_s2_rgb_fft_20260414_003047.pt
olmoearth-large,dfc2020,s1,fft,16,0.0001,0.0,32,mIoU,36.1686,307781640,checkpoints/rsfm_dfc2020_s1_fft_20260414_003400.pt
olmoearth-large,benv2,s1,fft,16,0.0001,0.0,32,mAP,48.4250,307792915,checkpoints/rsfm_benv2_s1_fft_20260414_004404.pt
olmoearth-large,dfc2020,s2s1,fft,16,0.0005,0.0,32,mIoU,16.9604,307781640,checkpoints/rsfm_dfc2020_s2s1_fft_20260414_010057.pt
olmoearth-large,benv2,s2s1,fft,16,0.0005,0.0,32,mAP,44.8736,307792915,checkpoints/rsfm_benv2_s2s1_fft_20260414_011419.pt
olmoearth-large,dfc2020,s2s1,fft,16,0.0001,0.0,32,mIoU,52.6178,307781640,checkpoints/rsfm_dfc2020_s2s1_fft_20260414_012802.pt
olmoearth-large,benv2,s2s1,fft,16,0.0001,0.0,32,mAP,63.8370,307792915,checkpoints/rsfm_benv2_s2s1_fft_20260414_014432.pt
olmoearth-large,dfc2020,s2_rgb,fft,16,0.0005,0.0,32,mIoU,23.5434,307781640,checkpoints/rsfm_dfc2020_s2_rgb_fft_20260414_014948.pt
